{"cameraMode":{"drawMode":0,"name":"Shaded","section":"Shading Mode"},"sceneLighting":true,"audioPlay":false,"sceneViewState":{"showFog":true,"showMaterialUpdate":true,"showSkybox":true,"showFlares":true,"showImageEffects":true,"showParticleSystems":true},"in2DMode":false,"pivot":{"x":389.6429443359375,"y":270.02679443359377,"z":14.645698547363282},"rotation":{"x":-0.05876548960804939,"y":0.018564075231552125,"z":-0.001092980382964015,"w":-0.998098611831665},"size":938.453125,"orthographic":false}